platform,post_type,caption,tone_notes
Instagram,Promo,"Craving something cheesy tonight? 🧀🔥 We already know. Order now and make life delicious. #foodpanda #MakeLifeDelicious #CravingsSolved",Short hook + emoji + CTA + 2-3 hashtags. Visual-first caption meant to pair with a food photo.
Instagram,Restaurant Partner Spotlight,"Guess who's back?! 🎉 Your favorite comfort food just returned to foodpanda. Tap to order before it's gone again. #foodpanda #MakeLifeDelicious",Modeled on the real Andok's-return campaign pattern (celebration hook + comeback framing + urgency CTA).
Instagram,Engagement/Poll,"Pizza or biryani tonight? 🍕🍛 Comment your pick and we might feature you! #foodpanda #CravingsSolved",Question-based hook to drive comments, matches Foodpanda's comment-to-win pattern.
Facebook,Discount Announcement,"Your wallet will thank you 💸 Get up to 40% off your next order, today only. Order now on foodpanda. #foodpanda #OrderNow",Slightly more informational than Instagram; states the offer clearly upfront.
Facebook,Festive/Seasonal,"Lunar New Year deserves a feast 🧧🥟 Order your favorites and celebrate the delicious way. #foodpanda #MakeLifeDelicious",Seasonal tie-in matching real Lunar New Year office-culture content seen on Foodpanda's channels.
TikTok,Meme/Trend,"POV: it's 2am and the cravings hit different 😭🍜 foodpanda's got you. #foodpanda #FoodTok #fyp",Casual, meme-formatted caption meant to pair with a trending sound/template, not a polished sentence.
TikTok,Behind-the-scenes,"A day in the life of a foodpanda rider 🛵💨 Respect the hustle. #foodpanda #foodpandarider #fyp",Matches real rider/delivery-culture TikTok content themes found in research.
TikTok,Discount Announcement,"Free delivery alert 🚨 No excuse not to order now. #foodpanda #FreeDelivery #fyp",Very short, high-urgency, built for a fast-cut video format.
Twitter/X,Engagement/Poll,"Rate your last foodpanda order 1-10 in the replies 👇 #foodpanda",Short, reply-driving, matches the reactive/conversational style seen on regional X accounts.
Twitter/X,Promo,"Hungry? We already know. Order now → link in bio. #foodpanda #OrderNow",Very brief, link-forward, typical of X's short-form promotional style.
LinkedIn,Employer Branding,"Big thanks to everyone who stopped by our booth at this week's career fair! Excited to see where your careers go. Explore opportunities with us: [link] #LifeAtfoodpanda #CareerFair",Professional, warm, no discount/promo language -- matches real LinkedIn post pattern (career fair + thanks + careers link + hashtags).
LinkedIn,Company Culture,"From our Karachi office to yours -- proud of how our team keeps raising the bar on food convenience across Pakistan. #LifeAtfoodpanda #foodpandaPK",Corporate-professional tone, focuses on team/culture, not customer discounts.
LinkedIn,Milestone/Leadership,"Proud to see our leadership recognized among the region's top e-commerce and retail voices this year. Grateful to our team for making this possible. #foodpanda #Leadership",Formal, achievement-oriented, third-person-friendly tone suitable for a corporate feed.
Pinterest,Inspirational/Recipe-adjacent,"Comfort food that hits every time 🍲 Save this for your next craving. #foodpanda #ComfortFood",No confirmed official Foodpanda Pinterest presence found in research; this is a best-practice adaptation using general food-Pinterest caption conventions (save-oriented CTA) in case the team decides to pilot the platform.
